{
    "loaded-": {

        "onError": "Alert",
        "actions": [{
            "identifier": "2dfire.action.boss-api",
            "attributes": [{
                    "name": "apiVersion",
                    "value": {
                        "type": "String",
                        "value": "v1",
                        "mode": "literal"
                    }
                },
                {
                    "name": "actionPath",
                    "value": {
                        "type": "String",
                        "value": "cashier_version",
                        "mode": "literal"
                    }
                },
                {
                    "name": "serviceName",
                    "value": {
                        "type": "String",
                        "value": "boss",
                        "mode": "literal"
                    }
                },
                {
                    "name": "paramMap",
                    "value": {
                        "type": "Object",
                        "value": {
                            "cashier_version_key": "cashVersionChainMultiMenu"
                        },
                        "mode": "literal"
                    }
                }
            ]
        }]
    },
    "components": [{
            "identifier": "2dfire.component.switch",
            "attributes": [{
                    "name": "title",
                    "value": {
                        "type": "String",
                        "value": "一个开关",
                        "mode": "literal"
                    }
                },
                {
                    "name": "preValue",
                    "value": {
                        "type": "Boolean",
                        "mode": "expression",
                        "value": "$data.pre.haha"
                    }
                },
                {
                    "name": "isOn",
                    "value": {
                        "type": "Boolean",
                        "mode": "expression",
                        "value": "$data.now.haha"
                    }
                }
            ]
        }, {
            "identifier": "2dfire.component.datePicker",
            "interactions": [{
                "name": "onClicked",
                "actions": [{
                    "identifier": "2dfire.action.date-picker",
                    "attributes": [{
                        "name": "title",
                        "value": {
                            "type": "String",
                            "value": "选择时间",
                            "mode": "literal"
                        }
                    }, {
                        "name": "timestamp",
                        "value": {
                            "type": "String",
                            "mode": "expression",
                            "value": "$data.now.date"
                        }
                    }]
                }, {
                    "identifier": "2dfire.action.store-var",
                    "attributes": [{
                        "name": "variableName",
                        "value": {
                            "type": "String",
                            "value": "$data.now.date",
                            "mode": "literal"
                        }
                    }]
                }]
            }],
            "attributes": [{
                    "name": "title",
                    "value": {
                        "type": "String",
                        "value": "选择时间",
                        "mode": "literal"
                    }
                },
                {
                    "name": "preValue",
                    "value": {
                        "type": "String",
                        "mode": "expression",
                        "value": "$data.now.date"
                    }
                },
                {
                    "name": "textValue",
                    "value": {
                        "type": "String",
                        "mode": "expression",
                        "value": "$data.now.date"
                    }
                },
                {
                    "name": "dateFormat",
                    "value": {
                        "type": "String",
                        "mode": "literal",
                        "value": "yyyy年MM月dd日"
                    }
                }
            ]
        }, {
            "identifier": "2dfire.component.picker",
            "interactions": [{
                "name": "onClicked",
                "actions": [{
                    "identifier": "2dfire.action.picker",
                    "attributes": [{
                        "name": "title",
                        "value": {
                            "type": "String",
                            "value": "选择名称",
                            "mode": "literal"
                        }
                    }, {
                        "name": "items",
                        "value": {
                            "type": "Array",
                            "mode": "literal",
                            "value": ["1", "2", "3"]
                        }
                    }, {
                        "name": "selectedItem",
                        "value": {
                            "type": "String",
                            "mode": "expression",
                            "value": "$data.now.name"
                        }
                    }]
                }, {
                    "identifier": "2dfire.action.store-var",
                    "attributes": [{
                        "name": "variableName",
                        "value": {
                            "type": "String",
                            "value": "$data.now.name",
                            "mode": "literal"
                        }
                    }]
                }]
            }],
            "attributes": [{
                    "name": "title",
                    "value": {
                        "type": "String",
                        "value": "选择名称",
                        "mode": "literal"
                    }
                },
                {
                    "name": "preValue",
                    "value": {
                        "type": "String",
                        "mode": "expression",
                        "value": "$data.now.name"
                    }
                },
                {
                    "name": "textValue",
                    "value": {
                        "type": "String",
                        "mode": "expression",
                        "value": "$data.now.name"
                    }
                }
            ]
        }, {
            "identifier": "2dfire.component.switch",
            "attributes": [{
                    "name": "title",
                    "value": {
                        "type": "String",
                        "value": "\"哈哈哈哈哈 \" + (!$data.now.isOn ? \" 🌝 关上了\" : \" ✅ 又打开了\")",
                        "mode": "expression"
                    }
                },
                {
                    "name": "preValue",
                    "value": {
                        "type": "Boolean",
                        "mode": "expression",
                        "value": "$data.pre.isOn"
                    }
                },
                {
                    "name": "isOn",
                    "value": {
                        "type": "Boolean",
                        "mode": "expression",
                        "value": "$data.now.isOn"
                    }
                }
            ]
        },
        {
            "identifier": "2dfire.component.switch",
            "attributes": [{
                    "name": "title",
                    "value": {
                        "type": "String",
                        "value": "嘿嘿嘿嘿嘿",
                        "mode": "literal"
                    }
                },
                {
                    "name": "detail",
                    "value": {
                        "type": "String",
                        "value": "哈哈哈哈哈，，，一个 TDFSwitchCell 的栗子",
                        "mode": "literal"
                    }
                },
                {
                    "name": "preValue",
                    "value": {
                        "type": "Boolean",
                        "mode": "expression",
                        "value": "$data.pre.isOn2"
                    }
                },
                {
                    "name": "isOn",
                    "value": {
                        "type": "Boolean",
                        "mode": "expression",
                        "value": "$data.now.isOn2"
                    }
                },
                {
                    "name": "shouldShow",
                    "value": {
                        "type": "Boolean",
                        "mode": "expression",
                        "value": "$data.now.isOn"
                    }
                }
            ]
        },
        {
            "identifier": "tdfire.component.textfield",
            "validation": {
                "label": "索尼大法",
                "type": "String",
                "rule": "required | between 6 12 | mail"
            },
            "attributes": [{
                    "name": "title",
                    "value": {
                        "type": "String",
                        "value": "还是 Sony 大法好",
                        "mode": "literal"
                    }
                },
                {
                    "name": "detail",
                    "value": {
                        "type": "String",
                        "value": "\"一个 TDFTextFieldCell 的栗子\" + ($data.now.text ? $data.now.text : \"\")",
                        "mode": "expression"
                    }
                },
                {
                    "name": "preValue",
                    "value": {
                        "type": "String",
                        "mode": "expression",
                        "value": "$data.pre.text"
                    }
                },
                {
                    "name": "textValue",
                    "value": {
                        "type": "String",
                        "mode": "expression",
                        "value": "$data.now.text"
                    }
                },
                {
                    "name": "shouldShow",
                    "value": {
                        "type": "Boolean",
                        "mode": "expression",
                        "value": "$data.now.isOn"
                    }
                }
            ]
        }
    ],
    "attributes": [{
            "name": "title",
            "value": {
                "type": "String",
                   "value": "($global.shop.isBrand ? \"连锁: \" : \"单店: \") + count($data.now.text)",
                "mode": "expression"
            }
        },
        {
            "name": "valueChanged",
            "value": {
                "type": "Boolean",
                "value": "$__page.valueChanged",
                "mode": "expression"
            }
        }
    ],
    "interactions": [{
        "name": "onSave",
        "onError": "Alert",
        "actions": [{
                "identifier": "2dfire.action.validation",
                "attributes": []
            },
            {
                "identifier": "2dfire.action.pop",
                "attributes": []
            }
        ]
    }]
}
